Designator,Val,Package, Mid X, Mid Y,Rotation,Layer
C5,CC0402_10UF_6.3V_20%_X5R,CAPC1005X70N,150.000000,-106.600000,180.000000,bottom
C8,CC0402_100NF_50V_10%_X7R,CAPC1005X55N,150.000000,-105.500000,180.000000,bottom
C11,CC0402_10UF_6.3V_20%_X5R,CAPC1005X70N,140.500000,-108.800000,0.000000,bottom
C14,CC0402_100NF_50V_10%_X7R,CAPC1005X55N,140.500000,-105.400000,0.000000,bottom
C15,CC0402_100NF_50V_10%_X7R,CAPC1005X55N,140.500000,-107.600000,0.000000,bottom
C31,CC0402_100NF_50V_10%_X7R,CAPC1005X55N,148.400000,-55.400000,180.000000,bottom
C32,CC0402_100NF_50V_10%_X7R,CAPC1005X55N,142.600000,-55.400000,0.000000,bottom
C33,CC0402_100NF_50V_10%_X7R,CAPC1005X55N,141.900000,-96.800000,0.000000,bottom
C34,CC0402_100NF_50V_10%_X7R,CAPC1005X55N,147.700000,-96.800000,180.000000,bottom
C35,CC0805_22UF_16V_10%_X5R,CAPC2012X135N,149.500000,-58.100000,-90.000000,bottom
C36,CC0805_22UF_16V_10%_X5R,CAPC2012X135N,141.800000,-58.000000,-90.000000,bottom
C37,CC0805_22UF_16V_10%_X5R,CAPC2012X135N,140.900000,-94.100000,90.000000,bottom
C38,CC0805_22UF_16V_10%_X5R,CAPC2012X135N,148.600000,-94.200000,90.000000,bottom
C39,CC0402_100NF_50V_10%_X7R,CAPC1005X55N,151.000000,-58.800000,-90.000000,bottom
C40,CC0402_100NF_50V_10%_X7R,CAPC1005X55N,140.300000,-58.600000,-90.000000,bottom
C41,CC0402_100NF_50V_10%_X7R,CAPC1005X55N,139.400000,-93.300000,90.000000,bottom
C42,CC0402_100NF_50V_10%_X7R,CAPC1005X55N,150.200000,-93.600000,90.000000,bottom
C61,CC0402_4.7UF_16V_20%_X5R,CAPC1005X55N,195.800000,-115.900000,-90.000000,bottom
C62,CC0402_10UF_6.3V_20%_X5R,CAPC1005X70N,185.300000,-120.700000,180.000000,bottom
C63,CC0402_100NF_50V_10%_X7R,CAPC1005X55N,185.300000,-122.300000,180.000000,bottom
C66,CC0402_100NF_50V_10%_X7R,CAPC1005X55N,194.900000,-130.200000,-90.000000,bottom
C67,CC0402_100NF_50V_10%_X7R,CAPC1005X55N,192.900000,-130.200000,-90.000000,bottom
C68,CC0402_100NF_50V_10%_X7R,CAPC1005X55N,189.900000,-130.200000,-90.000000,bottom
C69,CC0402_100NF_50V_10%_X7R,CAPC1005X55N,197.900000,-130.200000,-90.000000,bottom
C70,CC0402_100NF_50V_10%_X7R,CAPC1005X55N,112.750000,-111.350000,90.000000,bottom
C71,CC0402_27PF_50V_5%_C0G,CAPC1005X55N,121.500000,-116.300000,90.000000,bottom
C72,CC0402_27PF_50V_5%_C0G,CAPC1005X55N,124.350000,-110.400000,0.000000,bottom
C89,CC0201_470NF_4V_20%_X5R,CAPC0603X33N,185.700000,-91.900000,-90.000000,bottom
C90,CC0201_470NF_4V_20%_X5R,CAPC0603X33N,186.900000,-93.100000,0.000000,bottom
C91,CC0201_470NF_4V_20%_X5R,CAPC0603X33N,190.200000,-95.350000,0.000000,bottom
C92,CC0201_470NF_4V_20%_X5R,CAPC0603X33N,188.500000,-93.100000,0.000000,bottom
C93,CC0201_470NF_4V_20%_X5R,CAPC0603X33N,182.900000,-97.100000,0.000000,bottom
C94,CC0201_470NF_4V_20%_X5R,CAPC0603X33N,184.500000,-95.500000,0.000000,bottom
C95,CC0201_470NF_4V_20%_X5R,CAPC0603X33N,190.100000,-93.100000,0.000000,bottom
C96,CC0201_470NF_4V_20%_X5R,CAPC0603X33N,189.300000,-97.100000,180.000000,bottom
C97,CC0201_47NF_6.3V_10%_X5R,CAPC0603X33N,189.450000,-92.200000,0.000000,bottom
C98,CC0201_47NF_6.3V_10%_X5R,CAPC0603X33N,184.100000,-93.500000,-90.000000,bottom
C99,CC0201_47NF_6.3V_10%_X5R,CAPC0603X33N,188.100000,-91.900000,-90.000000,bottom
C100,CC0201_47NF_6.3V_10%_X5R,CAPC0603X33N,185.300000,-96.300000,0.000000,bottom
C101,CC0201_47NF_6.3V_10%_X5R,CAPC0603X33N,184.900000,-97.500000,90.000000,bottom
C102,CC0201_47NF_6.3V_10%_X5R,CAPC0603X33N,182.900000,-95.500000,0.000000,bottom
C103,CC0402_4.7UF_16V_20%_X5R,CAPC1005X55N,174.800000,-99.600000,0.000000,bottom
C104,CC0402_4.7UF_16V_20%_X5R,CAPC1005X55N,195.600000,-96.300000,180.000000,bottom
C105,CC0402_4.7UF_16V_20%_X5R,CAPC1005X55N,186.500000,-94.500000,-90.000000,bottom
C106,CC0402_4.7UF_16V_20%_X5R,CAPC1005X55N,195.600000,-95.300000,180.000000,bottom
C107,CC0402_4.7UF_16V_20%_X5R,CAPC1005X55N,188.600000,-94.800000,180.000000,bottom
C108,CC0402_4.7UF_16V_20%_X5R,CAPC1005X55N,186.500000,-91.800000,-90.000000,bottom
C109,CC0805_100UF_6.3V_20%_X5R,CAPC2012X145N,174.500000,-96.000000,0.000000,bottom
C110,CC0805_100UF_6.3V_20%_X5R,CAPC2012X145N,184.800000,-104.900000,90.000000,bottom
C112,CC0201_47NF_6.3V_10%_X5R,CAPC0603X33N,187.300000,-91.900000,90.000000,bottom
C113,CC0201_470NF_4V_20%_X5R,CAPC0603X33N,189.950000,-91.300000,0.000000,bottom
C114,CC0201_470NF_4V_20%_X5R,CAPC0603X33N,182.100000,-92.700000,-45.000000,bottom
C115,CC0201_470NF_4V_20%_X5R,CAPC0603X33N,184.100000,-91.900000,-90.000000,bottom
C116,CC0201_470NF_4V_20%_X5R,CAPC0603X33N,184.900000,-91.900000,90.000000,bottom
C117,CC0402_4.7UF_16V_20%_X5R,CAPC1005X55N,171.000000,-98.500000,0.000000,bottom
C118,CC0402_4.7UF_16V_20%_X5R,CAPC1005X55N,171.000000,-97.500000,0.000000,bottom
C119,CC0805_100UF_6.3V_20%_X5R,CAPC2012X145N,170.250000,-96.000000,0.000000,bottom
C120,CC0201_470NF_4V_20%_X5R,CAPC0603X33N,182.900000,-94.700000,0.000000,bottom
C121,CC0201_47NF_6.3V_10%_X5R,CAPC0603X33N,195.700000,-94.300000,180.000000,bottom
C122,CC0805_100UF_6.3V_20%_X5R,CAPC2012X145N,174.500000,-98.100000,0.000000,bottom
C123,CC0402_4.7UF_16V_20%_X5R,CAPC1005X55N,185.700000,-84.800000,-90.000000,bottom
C124,CC0201_470NF_4V_20%_X5R,CAPC0603X33N,192.800000,-97.300000,90.000000,bottom
C125,CC0201_470NF_4V_20%_X5R,CAPC0603X33N,179.000000,-89.000000,0.000000,bottom
C126,CC0201_470NF_4V_20%_X5R,CAPC0603X33N,179.300000,-89.947117,0.000000,bottom
C127,CC0201_470NF_4V_20%_X5R,CAPC0603X33N,190.500000,-87.900000,-90.000000,bottom
C128,CC0201_47NF_6.3V_10%_X5R,CAPC0603X33N,188.100000,-88.600000,-90.000000,bottom
C129,CC0201_47NF_6.3V_10%_X5R,CAPC0603X33N,192.600000,-93.200000,180.000000,bottom
C130,CC0201_47NF_6.3V_10%_X5R,CAPC0603X33N,194.300000,-90.300000,180.000000,bottom
C131,CC0402_4.7UF_16V_20%_X5R,CAPC1005X55N,179.100000,-85.900000,0.000000,bottom
C132,CC0402_4.7UF_16V_20%_X5R,CAPC1005X55N,196.200000,-87.600000,180.000000,bottom
C133,CC0402_4.7UF_16V_20%_X5R,CAPC1005X55N,197.000000,-90.300000,180.000000,bottom
C134,CC0201_470NF_4V_20%_X5R,CAPC0603X33N,181.500000,-87.900000,-90.000000,bottom
C135,CC0201_470NF_4V_20%_X5R,CAPC0603X33N,184.900000,-89.500000,-90.000000,bottom
C136,CC0201_470NF_4V_20%_X5R,CAPC0603X33N,184.100000,-87.100000,-90.000000,bottom
C137,CC0201_470NF_4V_20%_X5R,CAPC0603X33N,181.300000,-93.900000,180.000000,bottom
C138,CC0201_47NF_6.3V_10%_X5R,CAPC0603X33N,179.307324,-90.951217,0.000000,bottom
C139,CC0201_47NF_6.3V_10%_X5R,CAPC0603X33N,193.400000,-87.500000,180.000000,bottom
C140,CC0201_47NF_6.3V_10%_X5R,CAPC0603X33N,191.300000,-91.000000,90.000000,bottom
C141,CC0402_4.7UF_16V_20%_X5R,CAPC1005X55N,194.750000,-102.300000,-90.000000,bottom
C142,CC0402_4.7UF_16V_20%_X5R,CAPC1005X55N,195.600000,-97.300000,0.000000,bottom
C143,CC0201_470NF_4V_20%_X5R,CAPC0603X33N,188.900000,-100.900000,90.000000,bottom
C144,CC0201_470NF_4V_20%_X5R,CAPC0603X33N,192.900000,-101.900000,180.000000,bottom
C145,CC0201_470NF_4V_20%_X5R,CAPC0603X33N,194.500000,-98.300000,180.000000,bottom
C146,CC0201_470NF_4V_20%_X5R,CAPC0603X33N,191.300000,-94.700000,90.000000,bottom
C147,CC0201_47NF_6.3V_10%_X5R,CAPC0603X33N,190.400000,-96.700000,-90.000000,bottom
C148,CC0201_47NF_6.3V_10%_X5R,CAPC0603X33N,188.100000,-97.500000,-90.000000,bottom
C149,CC0201_47NF_6.3V_10%_X5R,CAPC0603X33N,192.800000,-99.400000,90.000000,bottom
C150,CC0201_47NF_6.3V_10%_X5R,CAPC0603X33N,182.900000,-93.900000,180.000000,bottom
C151,CC0402_10UF_6.3V_20%_X5R,CAPC1005X70N,188.000000,-105.200000,90.000000,bottom
C152,CC0402_10UF_6.3V_20%_X5R,CAPC1005X70N,189.400000,-108.400000,90.000000,bottom
C153,CC0201_470NF_4V_20%_X5R,CAPC0603X33N,190.400000,-108.300000,90.000000,bottom
C154,CC0201_100NF_6.3V_10%_X5R,CAPC0603X33N,187.690000,-93.900000,0.000000,bottom
C155,CC0201_470NF_4V_20%_X5R,CAPC0603X33N,185.300000,-93.900000,0.000000,bottom
C156,CC0402_4.7UF_16V_20%_X5R,CAPC1005X55N,173.600000,-94.500000,0.000000,bottom
C157,CC0201_100NF_6.3V_10%_X5R,CAPC0603X33N,180.900000,-98.300000,-90.000000,bottom
C158,CC0201_100NF_6.3V_10%_X5R,CAPC0603X33N,179.700000,-99.100000,-45.000000,bottom
C159,CC0201_100NF_6.3V_10%_X5R,CAPC0603X33N,182.500000,-98.300000,-90.000000,bottom
C160,CC0201_100NF_6.3V_10%_X5R,CAPC0603X33N,183.300000,-98.300000,-90.000000,bottom
C161,CC0402_4.7UF_16V_20%_X5R,CAPC1005X55N,177.600000,-98.600000,0.000000,bottom
C162,CC0402_4.7UF_16V_20%_X5R,CAPC1005X55N,177.600000,-99.800000,0.000000,bottom
C163,CC0201_100NF_6.3V_10%_X5R,CAPC0603X33N,182.700000,-101.700000,-90.000000,bottom
C164,CC0201_100NF_6.3V_10%_X5R,CAPC0603X33N,181.100000,-101.650000,-90.000000,bottom
C165,CC0201_100NF_6.3V_10%_X5R,CAPC0603X33N,183.100000,-99.900000,-90.000000,bottom
C166,CC0201_100NF_6.3V_10%_X5R,CAPC0603X33N,184.400000,-101.700000,90.000000,bottom
C167,CC0402_4.7UF_16V_20%_X5R,CAPC1005X55N,177.600000,-101.800000,0.000000,bottom
C168,CC0402_4.7UF_16V_20%_X5R,CAPC1005X55N,177.600000,-100.800000,0.000000,bottom
C169,CC0201_100NF_6.3V_10%_X5R,CAPC0603X33N,179.300000,-101.500000,90.000000,bottom
C178,CC0402_22PF_50V_5%_C0G,CAPC1005X55N,146.400000,-128.937500,-90.000000,bottom
C179,CC0402_22PF_50V_5%_C0G,CAPC1005X55N,131.800000,-128.900000,-90.000000,bottom
C186,CC0201_100NF_6.3V_10%_X5R,CAPC0603X33N,164.450000,-112.700000,0.000000,bottom
C229,CC0201_47NF_6.3V_10%_X5R,CAPC0603X33N,197.700000,-112.200000,180.000000,bottom
C230,CC0201_47NF_6.3V_10%_X5R,CAPC0603X33N,193.000000,-113.100000,180.000000,bottom
C231,CC0201_47NF_6.3V_10%_X5R,CAPC0603X33N,191.600000,-112.800000,90.000000,bottom
C232,CC0201_47NF_6.3V_10%_X5R,CAPC0603X33N,191.700000,-114.500000,90.000000,bottom
C233,CC0201_47NF_6.3V_10%_X5R,CAPC0603X33N,192.500000,-115.300000,90.000000,bottom
C234,CC0201_47NF_6.3V_10%_X5R,CAPC0603X33N,191.600000,-116.750000,90.000000,bottom
C235,CC0201_47NF_6.3V_10%_X5R,CAPC0603X33N,198.100000,-117.600000,-90.000000,bottom
C236,CC0201_47NF_6.3V_10%_X5R,CAPC0603X33N,197.800000,-115.600000,0.000000,bottom
C237,CC0201_47NF_6.3V_10%_X5R,CAPC0603X33N,197.800000,-114.800000,0.000000,bottom
C238,CC0201_47NF_6.3V_10%_X5R,CAPC0603X33N,198.200000,-113.600000,-90.000000,bottom
C239,CC0201_47NF_6.3V_10%_X5R,CAPC0603X33N,192.000000,-118.000000,0.000000,bottom
C240,CC0201_47NF_6.3V_10%_X5R,CAPC0603X33N,192.300000,-119.300000,-90.000000,bottom
C241,CC0201_47NF_6.3V_10%_X5R,CAPC0603X33N,199.200000,-123.300000,-90.000000,bottom
C242,CC0201_47NF_6.3V_10%_X5R,CAPC0603X33N,198.300000,-123.300000,-90.000000,bottom
C243,CC0201_47NF_6.3V_10%_X5R,CAPC0603X33N,196.700000,-118.100000,180.000000,bottom
C244,CC0201_47NF_6.3V_10%_X5R,CAPC0603X33N,198.300000,-121.700000,-90.000000,bottom
C245,CC0201_470NF_4V_20%_X5R,CAPC0603X33N,191.400000,-122.500000,90.000000,bottom
C246,CC0201_470NF_4V_20%_X5R,CAPC0603X33N,191.400000,-124.200000,90.000000,bottom
C249,CC0201_100NF_6.3V_10%_X5R,CAPC0603X33N,195.600000,-120.900000,-90.000000,bottom
C250,CC0201_100NF_6.3V_10%_X5R,CAPC0603X33N,190.100000,-117.400000,-90.000000,bottom
J9,2180739-1,TE_2180739-1,145.400000,-76.200000,90.000000,bottom
J11,TYCO_1888247-1,TYCO_1367073-1,145.400000,-69.070000,0.000000,bottom
J13,TYCO_1888247-1,TYCO_1888247-1,145.400000,-83.325000,0.000000,bottom
L6,4.7 uH,L_1008_2520Metric,147.100000,-57.900000,-90.000000,bottom
L7,4.7 uH,L_1008_2520Metric,144.300000,-57.900000,-90.000000,bottom
L8,4.7 uH,L_1008_2520Metric,143.300000,-94.300000,90.000000,bottom
L9,4.7 uH,L_1008_2520Metric,146.200000,-94.300000,90.000000,bottom
L11,IND0603_MURATA_BLM18AG601SN1,INDC1608X95N,193.300000,-106.000000,90.000000,bottom
L15,IND0805_TDK_MLZ2012M150WT000,INDC2013X145N,187.117500,-108.400000,0.000000,bottom
L16,IND0402_MURATA_BLM15HB221SN1,INDC1005X55N,185.100000,-94.700000,0.000000,bottom
R1,R0603_6K65_0.1%_0.063W_10PPM,RESC1608X55N,180.700000,-113.700000,180.000000,bottom
R2,R0402_10K_1%_0.0625W_100PPM,RESC1005X40N,183.250000,-116.165000,90.000000,bottom
R10,R0402_4K7_1%_0.0625W_100PPM,RESC1005X40N,152.800000,-109.000000,180.000000,bottom
R11,R0402_4K7_1%_0.0625W_100PPM,RESC1005X40N,152.800000,-108.000000,180.000000,bottom
R13,R0402_4K7_1%_0.0625W_100PPM,RESC1005X40N,152.800000,-110.000000,180.000000,bottom
R15,R0402_4K7_1%_0.0625W_100PPM,RESC1005X40N,152.800000,-111.000000,0.000000,bottom
R16,R0402_4K7_1%_0.0625W_100PPM,RESC1005X40N,152.800000,-107.000000,180.000000,bottom
R17,R0402_4K7_1%_0.0625W_100PPM,RESC1005X40N,152.800000,-106.000000,180.000000,bottom
R50,R0402_40R2_1%_0.0625W_100PPM,RESC1005X40N,193.500000,-127.100000,-90.000000,bottom
R51,R0402_40R2_1%_0.0625W_100PPM,RESC1005X40N,187.800000,-122.300000,180.000000,bottom
R52,R0402_40R2_1%_0.0625W_100PPM,RESC1005X40N,198.500000,-127.100000,-90.000000,bottom
R53,R0402_40R2_1%_0.0625W_100PPM,RESC1005X40N,187.800000,-123.300000,180.000000,bottom
R54,R0402_40R2_1%_0.0625W_100PPM,RESC1005X40N,197.500000,-127.100000,-90.000000,bottom
R55,R0402_40R2_1%_0.0625W_100PPM,RESC1005X40N,187.800000,-119.300000,180.000000,bottom
R58,R0402_40R2_1%_0.0625W_100PPM,RESC1005X40N,194.500000,-127.100000,-90.000000,bottom
R62,R0402_40R2_1%_0.0625W_100PPM,RESC1005X40N,192.500000,-127.100000,-90.000000,bottom
R67,R0402_40R2_1%_0.0625W_100PPM,RESC1005X40N,195.475000,-127.100000,-90.000000,bottom
R68,R0402_40R2_1%_0.0625W_100PPM,RESC1005X40N,191.500000,-127.100000,-90.000000,bottom
R69,R0402_40R2_1%_0.0625W_100PPM,RESC1005X40N,187.800000,-120.300000,180.000000,bottom
R70,R0402_40R2_1%_0.0625W_100PPM,RESC1005X40N,187.800000,-121.300000,180.000000,bottom
R71,R0402_40R2_1%_0.0625W_100PPM,RESC1005X40N,187.800000,-118.300000,180.000000,bottom
R72,R0402_240R_1%_0.0625W_100PPM,RESC1005X40N,199.100000,-118.500000,90.000000,bottom
R74,R0402_2K2_1%_0.0625W_100PPM,RESC1005X40N,121.400000,-114.000000,90.000000,bottom
R75,R0402_10K_1%_0.0625W_100PPM,RESC1005X40N,119.700000,-116.000000,0.000000,bottom
R86,R0402_4K7_1%_0.0625W_100PPM,RESC1005X40N,182.200000,-84.050000,90.000000,bottom
R90,R0402_1K_1%_0.0625W_100PPM,RESC1005X40N,183.400000,-84.000000,-90.000000,bottom
R91,R0805_135K_0.1%_0.1W_25PPM_KOA_RN73R2ATTD1353B25,RESC2012X60N,129.200000,-128.500000,-90.000000,bottom
R92,R0402_30K_1%_0.0625W_100PPM,RESC1005X40N,130.800000,-128.900000,90.000000,bottom
R93,R0402_30K_1%_0.0625W_100PPM,RESC1005X40N,147.400000,-128.937500,90.000000,bottom
R94,R0805_135K_0.1%_0.1W_25PPM_KOA_RN73R2ATTD1353B25,RESC2012X60N,150.750000,-128.950000,180.000000,bottom
R95,R0402_30K_1%_0.0625W_100PPM,RESC1005X40N,150.600000,-117.462500,90.000000,bottom
R96,R0402_30K_1%_0.0625W_100PPM,RESC1005X40N,149.500000,-119.462500,90.000000,bottom
R97,R0402_30K_1%_0.0625W_100PPM,RESC1005X40N,148.500000,-119.462500,90.000000,bottom
R98,R0402_10K_1%_0.0625W_100PPM,RESC1005X40N,181.250000,-133.250000,0.000000,bottom
R100,R0402_30K_1%_0.0625W_100PPM,RESC1005X40N,182.250000,-132.000000,0.000000,bottom
R101,R0402_30K_1%_0.0625W_100PPM,RESC1005X40N,182.250000,-131.000000,0.000000,bottom
R108,R0402_0R_JUMPER,RESC1005X40N,159.400000,-126.100000,90.000000,bottom
R109,R0402_0R_JUMPER,RESC1005X40N,160.400000,-126.100000,90.000000,bottom
R111,R0402_0R_JUMPER,RESC1005X40N,157.400000,-126.100000,90.000000,bottom
R112,R0402_0R_JUMPER,RESC1005X40N,158.400000,-126.100000,90.000000,bottom
R114,R0402_100R_1%_0.1W_100PPM,RESC1005X40N,175.900000,-101.100000,-90.000000,bottom
R142,R0402_4K7_1%_0.0625W_100PPM,RESC1005X40N,182.250000,-116.165000,-90.000000,bottom
R143,R0402_4K7_1%_0.0625W_100PPM,RESC1005X40N,179.500000,-134.750000,180.000000,bottom
R144,R0402_4K7_1%_0.0625W_100PPM,RESC1005X40N,147.500000,-119.462500,-90.000000,bottom
R145,R0402_4K7_1%_0.0625W_100PPM,RESC1005X40N,148.300000,-131.250000,-90.000000,bottom
R146,R0402_4K7_1%_0.0625W_100PPM,RESC1005X40N,132.600000,-131.600000,-90.000000,bottom
R153,R0402_40R2_1%_0.0625W_100PPM,RESC1005X40N,196.500000,-127.100000,-90.000000,bottom
R164,R0402_100K_1%_0.0625W_100PPM,RESC1005X40N,176.200000,-62.200000,-90.000000,bottom
R165,R0402_100K_1%_0.0625W_100PPM,RESC1005X40N,177.200000,-62.200000,-90.000000,bottom
R166,R0402_100K_1%_0.0625W_100PPM,RESC1005X40N,178.200000,-62.200000,-90.000000,bottom
R168,R0402_80R6_1%_0.1W_100PPM,RESC1005X40N,195.150000,-118.600000,90.000000,bottom
R169,R0402_12K_1%_0.0625W_100PPM,RESC1005X40N,181.300000,-129.900000,0.000000,bottom
R170,R0402_100K_1%_0.0625W_100PPM,RESC1005X40N,164.400000,-62.000000,-90.000000,bottom
R171,R0402_100K_1%_0.0625W_100PPM,RESC1005X40N,165.400000,-62.000000,-90.000000,bottom
R172,R0402_100K_1%_0.0625W_100PPM,RESC1005X40N,166.400000,-62.000000,-90.000000,bottom
U9,REF3012,SOT-23,190.600000,-105.700000,0.000000,bottom
U22,93C46B-I_SN,SOIC127P600X175-8N,117.100000,-112.730000,180.000000,bottom
Y1,OSC_25MHZ_RAKON_IVT3205CR,OSC_ABRACON_ASEMPC,164.950000,-115.150000,180.000000,bottom
Y5,XTAL_12MHZ_TXC_7A-12.000MAAJ-T,XTAL_TXC_7A,123.900000,-114.300000,90.000000,bottom
A1,Arduino_UNO_R3,Arduino_UNO_R3,158.870000,-103.175000,90.000000,top
B1,PLATED_HOLE3.2_PAD5.5,MTG320_550,114.000000,-58.000000,0.000000,top
B2,PLATED_HOLE3.2_PAD5.5,MTG320_550,107.000000,-136.000000,0.000000,top
B3,PLATED_HOLE3.2_PAD5.5,MTG320_550,207.000000,-58.000000,0.000000,top
B4,PLATED_HOLE3.2_PAD5.5,MTG320_550,207.000000,-136.000000,0.000000,top
C1,CC0805_22UF_16V_10%_X5R,CAPC2012X135N,179.650000,-112.900000,90.000000,top
C2,CC0805_10UF_25V_10%_X5R,CAPC2012X95N,183.050000,-116.165000,0.000000,top
C3,CC0402_27PF_50V_5%_C0G,CAPC1005X55N,141.930000,-99.200000,90.000000,top
C4,CC0402_27PF_50V_5%_C0G,CAPC1005X55N,147.130000,-98.825000,-90.000000,top
C6,CC0402_100NF_50V_10%_X7R,CAPC1005X55N,150.000000,-105.500000,180.000000,top
C7,CC0402_10UF_6.3V_20%_X5R,CAPC1005X70N,142.000000,-110.900000,90.000000,top
C9,CC0402_100NF_50V_10%_X7R,CAPC1005X55N,143.000000,-110.900000,90.000000,top
C10,CC0402_100NF_50V_10%_X7R,CAPC1005X55N,142.000000,-102.100000,-90.000000,top
C12,CC0402_100NF_50V_10%_X7R,CAPC1005X55N,148.800000,-109.300000,90.000000,top
C13,CC0402_100NF_50V_10%_X7R,CAPC1005X55N,144.000000,-102.100000,-90.000000,top
C16,CC0402_100NF_50V_10%_X7R,CAPC1005X55N,137.400000,-95.300000,180.000000,top
C17,CC0402_10UF_6.3V_20%_X5R,CAPC1005X70N,150.700000,-100.000000,180.000000,top
C18,CC0402_100NF_50V_10%_X7R,CAPC1005X55N,150.700000,-98.900000,180.000000,top
C19,CC0805_22UF_16V_10%_X5R,CAPC2012X135N,141.800000,-58.000000,-90.000000,top
C20,CC0402_100NF_50V_10%_X7R,CAPC1005X55N,140.300000,-58.600000,-90.000000,top
C21,CC0402_100NF_50V_10%_X7R,CAPC1005X55N,148.400000,-55.400000,180.000000,top
C22,CC0402_100NF_50V_10%_X7R,CAPC1005X55N,142.600000,-55.400000,0.000000,top
C23,CC0805_22UF_16V_10%_X5R,CAPC2012X135N,149.500000,-58.100000,-90.000000,top
C24,CC0402_100NF_50V_10%_X7R,CAPC1005X55N,151.000000,-58.800000,-90.000000,top
C25,CC0402_100NF_50V_10%_X7R,CAPC1005X55N,141.900000,-96.800000,0.000000,top
C26,CC0402_100NF_50V_10%_X7R,CAPC1005X55N,147.700000,-96.800000,180.000000,top
C27,CC0805_22UF_16V_10%_X5R,CAPC2012X135N,148.600000,-94.200000,90.000000,top
C28,CC0805_22UF_16V_10%_X5R,CAPC2012X135N,140.900000,-94.100000,90.000000,top
C29,CC0402_100NF_50V_10%_X7R,CAPC1005X55N,150.200000,-93.600000,90.000000,top
C30,CC0402_100NF_50V_10%_X7R,CAPC1005X55N,139.400000,-93.350000,90.000000,top
C64,CC0402_100NF_50V_10%_X7R,CAPC1005X55N,199.800000,-127.100000,90.000000,top
C65,CC0402_100NF_50V_10%_X7R,CAPC1005X55N,191.800000,-129.500000,-90.000000,top
C73,CC0402_4.7UF_16V_20%_X5R,CAPC1005X55N,132.100000,-111.400000,90.000000,top
C74,CC0402_100NF_50V_10%_X7R,CAPC1005X55N,131.600000,-123.700000,180.000000,top
C75,CC0402_100NF_50V_10%_X7R,CAPC1005X55N,126.000000,-123.700000,180.000000,top
C76,CC0402_100NF_50V_10%_X7R,CAPC1005X55N,128.100000,-111.400000,-90.000000,top
C77,CC0402_100NF_50V_10%_X7R,CAPC1005X55N,134.300000,-117.100000,180.000000,top
C78,CC0402_100NF_50V_10%_X7R,CAPC1005X55N,123.100000,-111.600000,-90.000000,top
C79,CC0402_100NF_50V_10%_X7R,CAPC1005X55N,134.300000,-119.600000,180.000000,top
C80,CC0402_100NF_50V_10%_X7R,CAPC1005X55N,121.300000,-120.100000,0.000000,top
C81,CC0402_4.7UF_16V_20%_X5R,CAPC1005X55N,112.600000,-110.800000,0.000000,top
C82,CC0402_100NF_50V_10%_X7R,CAPC1005X55N,121.700000,-111.100000,-90.000000,top
C83,CC0805_22UF_16V_10%_X5R,CAPC2012X135N,119.700000,-113.200000,0.000000,top
C84,CC0402_100NF_50V_10%_X7R,CAPC1005X55N,131.100000,-111.400000,90.000000,top
C85,CC0402_4.7UF_16V_20%_X5R,CAPC1005X55N,120.600000,-115.100000,-90.000000,top
C86,CC0402_100NF_50V_10%_X7R,CAPC1005X55N,121.600000,-115.100000,-90.000000,top
C87,CC0402_4.7UF_16V_20%_X5R,CAPC1005X55N,120.700000,-118.700000,90.000000,top
C88,CC0402_100NF_50V_10%_X7R,CAPC1005X55N,121.700000,-118.700000,90.000000,top
C111,CC0805_100UF_6.3V_20%_X5R,CAPC2012X145N,174.600000,-95.800000,0.000000,top
C170,CC0805_22UF_16V_10%_X5R,CAPC2012X135N,127.400000,-128.400000,90.000000,top
C171,CC0805_22UF_16V_10%_X5R,CAPC2012X135N,129.400000,-128.400000,90.000000,top
C172,CC0805_22UF_16V_10%_X5R,CAPC2012X135N,143.100000,-128.250000,90.000000,top
C173,CC0805_22UF_16V_10%_X5R,CAPC2012X135N,145.050000,-128.250000,90.000000,top
C174,CC0805_10UF_25V_10%_X5R,CAPC2012X95N,148.750000,-119.562500,0.000000,top
C175,CC0805_10UF_25V_10%_X5R,CAPC2012X95N,148.000000,-131.500000,0.000000,top
C176,CC0805_10UF_25V_10%_X5R,CAPC2012X95N,132.300000,-131.600000,0.000000,top
C177,CC0805_22UF_16V_10%_X5R,CAPC2012X135N,145.800000,-116.400000,90.000000,top
C180,CC0805_10UF_25V_10%_X5R,CAPC2012X95N,179.600000,-134.500000,-90.000000,top
C181,CC0805_22UF_16V_10%_X5R,CAPC2012X135N,182.800000,-131.425000,0.000000,top
C182,CC0402_1UF_16V_10%_X5R,CAPC1005X55N,155.600000,-113.315000,-90.000000,top
C183,CC0201_100NF_6.3V_10%_X5R,CAPC0603X33N,156.600000,-113.315000,-90.000000,top
C184,CC0402_1UF_16V_10%_X5R,CAPC1005X55N,162.000000,-113.215000,-90.000000,top
C185,CC0201_100NF_6.3V_10%_X5R,CAPC0603X33N,169.230000,-120.185000,180.000000,top
C187,CC0603_22UF_6.3V_20%_X5R,CAPC1709X100N,171.830000,-120.185000,0.000000,top
C188,CC0201_100NF_6.3V_10%_X5R,CAPC1005X55N,166.250000,-111.500000,0.000000,top
C189,CC0201_100NF_6.3V_10%_X5R,CAPC0603X33N,172.430000,-114.335000,90.000000,top
C190,CC0201_100NF_6.3V_10%_X5R,CAPC0603X33N,177.330000,-114.335000,90.000000,top
C191,CC0201_100NF_6.3V_10%_X5R,CAPC0603X33N,169.430000,-124.385000,-90.000000,top
C192,CC0603_22UF_6.3V_20%_X5R,CAPC1709X100N,163.300000,-130.500000,0.000000,top
C193,CC0402_2.2NF_50V_10%_X7R,CAPC1005X55N,163.400000,-120.800000,180.000000,top
C194,CC0201_100NF_6.3V_10%_X5R,CAPC0603X33N,172.430000,-118.135000,-90.000000,top
C195,CC0603_22UF_6.3V_20%_X5R,CAPC1709X100N,159.950000,-130.525000,180.000000,top
C196,CC0201_100NF_6.3V_10%_X5R,CAPC0603X33N,167.730000,-116.685000,90.000000,top
C197,CC0201_100NF_6.3V_10%_X5R,CAPC0603X33N,181.450000,-118.300000,0.000000,top
C198,CC0201_100NF_6.3V_10%_X5R,CAPC0603X33N,172.000000,-77.800000,90.000000,top
C199,CC0603_22UF_6.3V_20%_X5R,CAPC1709X100N,165.700000,-129.700000,-90.000000,top
C200,CC0603_22UF_6.3V_20%_X5R,CAPC1709X100N,167.400000,-129.700000,-90.000000,top
C201,CC0603_22UF_6.3V_20%_X5R,CAPC1709X100N,165.200000,-121.900000,90.000000,top
C202,CC0402_100NF_50V_10%_X7R,CAPC1005X55N,158.900000,-126.100000,-90.000000,top
C203,CC0603_22UF_6.3V_20%_X5R,CAPC1709X100N,164.200000,-124.500000,0.000000,top
C204,CC0402_100NF_50V_10%_X7R,CAPC1005X55N,171.000000,-86.600000,90.000000,top
C205,CC0402_100NF_50V_10%_X7R,CAPC1005X55N,153.900000,-122.700000,0.000000,top
C206,CC0201_100NF_6.3V_10%_X5R,CAPC0603X33N,159.900000,-117.200000,90.000000,top
C207,CC0402_1UF_16V_10%_X5R,CAPC1005X55N,157.000000,-126.100000,-90.000000,top
C208,CC0201_100NF_6.3V_10%_X5R,CAPC0603X33N,163.500000,-121.900000,0.000000,top
C209,CC0201_100NF_6.3V_10%_X5R,CAPC0603X33N,158.100000,-117.200000,90.000000,top
C210,CC0201_100NF_6.3V_10%_X5R,CAPC0603X33N,161.400000,-126.000000,-90.000000,top
C211,CC0201_100NF_6.3V_10%_X5R,CAPC0603X33N,155.400000,-120.800000,90.000000,top
C212,CC0201_100NF_6.3V_10%_X5R,CAPC0603X33N,163.500000,-123.200000,0.000000,top
C213,CC0402_100NF_50V_10%_X7R,CAPC1005X55N,153.900000,-121.700000,0.000000,top
C214,CC0402_100NF_50V_10%_X7R,CAPC1005X55N,170.000000,-86.600000,90.000000,top
C215,CC0201_100NF_6.3V_10%_X5R,CAPC0603X33N,168.800000,-84.700000,-90.000000,top
C216,CC0402_1UF_16V_10%_X5R,CAPC1005X55N,166.900000,-84.900000,0.000000,top
C217,CC0402_1UF_16V_10%_X5R,CAPC1005X55N,166.600000,-79.600000,0.000000,top
C218,CC0402_4.7UF_16V_20%_X5R,CAPC1005X55N,173.800000,-103.425000,0.000000,top
C219,CC0402_4.7UF_16V_20%_X5R,CAPC1005X55N,171.800000,-103.425000,180.000000,top
C220,CC0402_100NF_50V_10%_X7R,CAPC1005X55N,188.850000,-57.362000,0.000000,top
C221,CC0402_100NF_50V_10%_X7R,CAPC1005X55N,166.012500,-57.362000,0.000000,top
C222,CC0402_100NF_50V_10%_X7R,CAPC1005X55N,177.912500,-57.350000,0.000000,top
C223,CC0402_10UF_6.3V_20%_X5R,CAPC1005X70N,199.200000,-138.300000,180.000000,top
C224,CC0402_10UF_6.3V_20%_X5R,CAPC1005X70N,199.200000,-133.200000,180.000000,top
C225,CC0402_100NF_50V_10%_X7R,CAPC1005X55N,189.900000,-135.950000,90.000000,top
C226,CC0402_100NF_50V_10%_X7R,CAPC1005X55N,199.200000,-135.300000,180.000000,top
C227,CC0402_100NF_50V_10%_X7R,CAPC1005X55N,185.625000,-74.265000,-90.000000,top
C228,CC0402_100NF_50V_10%_X7R,CAPC1005X55N,125.900000,-128.600000,-90.000000,top
C247,CC0402_100NF_50V_10%_X7R,CAPC1005X55N,140.900000,-99.200000,90.000000,top
C248,CC0402_100NF_50V_10%_X7R,CAPC1005X55N,172.275000,-75.675000,-90.000000,top
D1,PRTR5V0U2X,SOT190P230X110-4N,114.200000,-116.700000,90.000000,top
D2,MM3Z12VB,SODFL2513X100N,124.500000,-127.900000,90.000000,top
D3,BAS316,D_SOD-323,137.550000,-126.200000,0.000000,top
J1,TYCO_1888247-1,TYCO_1367073-1,145.400000,-83.325000,0.000000,top
J2,USB_C_Receptacle_USB2.0_16P,USB_C_Receptacle_GCT_USB4105-xx-A_16P_TopMnt_Horizontal,106.600000,-116.600000,-90.000000,top
J3,BELFUSE_0826-1G1T-43-F,BEL_0826-1G1T-43-F,130.400000,-101.200000,90.000000,top
J4,Conn_02x06_Top_Bottom,PinSocket_2x06_P2.54mm_Horizontal_PMOD,212.875000,-138.325000,180.000000,top
J5,Conn_02x06_Top_Bottom,PinSocket_2x06_P2.54mm_Horizontal_PMOD,212.875000,-115.465000,180.000000,top
J6,Conn_02x06_Top_Bottom,PinSocket_2x06_P2.54mm_Horizontal_PMOD,212.875000,-92.605000,180.000000,top
J7,Conn_02x06_Top_Bottom,PinSocket_2x06_P2.54mm_Horizontal_PMOD,212.875000,-69.745000,180.000000,top
J8,2180739-1,TE_2180739-1,145.400000,-76.200000,-90.000000,top
J10,Barrel_Jack_Switch,BarrelJack_GCT_DCJ200-10-A_Horizontal,116.750000,-128.000000,-90.000000,top
J12,TYCO_1888247-1,TYCO_1888247-1,145.400000,-69.070000,0.000000,top
J14,Conn_02x06_Top_Bottom,PinSocket_2x06_P2.54mm_Vertical_PMOD,120.175000,-134.710000,90.000000,top
J15,Conn_02x06_Top_Bottom,PinSocket_2x06_P2.54mm_Vertical_PMOD,143.035000,-134.710000,90.000000,top
L1,IND_2.2UH_20%_BOURNS_SRP3212,IND_BOURNS_SRP3212,150.100000,-102.700000,90.000000,top
L2,4.7 uH,L_1008_2520Metric,144.300000,-57.900000,-90.000000,top
L3,4.7 uH,L_1008_2520Metric,147.100000,-57.900000,-90.000000,top
L4,4.7 uH,L_1008_2520Metric,146.200000,-94.300000,90.000000,top
L5,4.7 uH,L_1008_2520Metric,143.300000,-94.300000,90.000000,top
L10,IND0402_MURATA_BLM15PX121SN1D,INDC1005X55N,119.600000,-115.100000,-90.000000,top
L12,IND0402_MURATA_BLM15PX121SN1D,INDC1005X55N,112.600000,-111.900000,0.000000,top
L13,IND0402_MURATA_BLM15PX121SN1D,INDC1005X55N,119.700000,-118.700000,90.000000,top
L14,IND_2.2UH_20%_WURTH_WE-PMCI_74479276222C,IND_WURTH_WE-PMCI_0806LR,119.500000,-111.000000,0.000000,top
L17,IND0603_MURATA_BLM18SG121TN1D,INDC1608X65N,160.000000,-128.900000,0.000000,top
L18,IND0603_MURATA_BLM18SG121TN1D,INDC1608X65N,163.200000,-128.900000,0.000000,top
L20,IND0603_MURATA_BLM18SG121TN1D,INDC1608X65N,163.600000,-126.100000,0.000000,top
LD1,LED_OSRAM_LS_Q976-NR-1,LED_OSRAM_LS Q976,111.250000,-136.025000,-90.000000,top
LD2,LED_KINGBRIGHT_KPH-1608CGCK,LED_KINGBRIGHT_KPH-1608CGCK,145.100000,-122.500000,90.000000,top
LD3,LED_KINGBRIGHT_KPH-1608CGCK,LED_KINGBRIGHT_KPH-1608CGCK,197.600000,-57.300000,90.000000,top
LD4,LED_KINGBRIGHT_KPH-1608CGCK,LED_KINGBRIGHT_KPH-1608CGCK,202.250000,-57.185000,90.000000,top
LD5,LED_KINGBRIGHT_KPH-1608CGCK,LED_KINGBRIGHT_KPH-1608CGCK,192.500000,-57.250000,90.000000,top
Q1,BSS138LT1G,SOT95P240X110-3N,198.750000,-61.250000,90.000000,top
Q2,BSS138LT1G,SOT95P240X110-3N,202.400000,-61.250000,90.000000,top
Q3,BSS138LT1G,SOT95P240X110-3N,195.250000,-61.250000,90.000000,top
Q4,DMP3013SFV,Diodes_PowerDI3333-8,121.200000,-128.025000,180.000000,top
R3,R0402_2K49_1%_0.063W_100PPM,RESC1005X40N,143.000000,-102.100000,90.000000,top
R4,R0402_22R_1%_0.0625W_100PPM,RESC1005X40N,152.800000,-108.000000,180.000000,top
R5,R0402_22R_1%_0.0625W_100PPM,RESC1005X40N,152.800000,-109.000000,180.000000,top
R6,R0402_22R_1%_0.0625W_100PPM,RESC1005X40N,152.800000,-110.000000,180.000000,top
R7,R0402_22R_1%_0.0625W_100PPM,RESC1005X40N,152.800000,-111.000000,180.000000,top
R8,R0402_22R_1%_0.0625W_100PPM,RESC1005X40N,152.800000,-106.000000,180.000000,top
R9,R0402_22R_1%_0.0625W_100PPM,RESC1005X40N,152.800000,-107.000000,180.000000,top
R12,R0402_4K7_1%_0.0625W_100PPM,RESC1005X40N,146.300000,-102.100000,90.000000,top
R14,R0402_4K7_1%_0.0625W_100PPM,RESC1005X40N,136.900000,-108.000000,0.000000,top
R18,R0402_4K7_1%_0.0625W_100PPM,RESC1005X40N,137.400000,-97.500000,0.000000,top
R19,R0402_330R_1%_0.0625W_100PPM,RESC1005X40N,137.400000,-96.400000,180.000000,top
R20,R0402_330R_1%_0.0625W_100PPM,RESC1005X40N,136.900000,-107.000000,180.000000,top
R21,R0402_4K7_1%_0.0625W_100PPM,RESC1005X40N,174.262500,-58.400000,180.000000,top
R22,R0402_4K7_1%_0.0625W_100PPM,RESC1005X40N,174.262500,-59.400000,0.000000,top
R23,R0402_4K7_1%_0.0625W_100PPM,RESC1005X40N,184.900000,-60.375000,180.000000,top
R24,R0402_4K7_1%_0.0625W_100PPM,RESC1005X40N,184.900000,-61.400000,180.000000,top
R25,R0402_4K7_1%_0.0625W_100PPM,RESC1005X40N,174.262500,-60.400000,180.000000,top
R26,R0402_4K7_1%_0.0625W_100PPM,RESC1005X40N,174.262500,-61.400000,180.000000,top
R27,R0402_4K7_1%_0.0625W_100PPM,RESC1005X40N,174.262500,-62.400000,180.000000,top
R28,R0402_4K7_1%_0.0625W_100PPM,RESC1005X40N,178.162500,-64.400000,-90.000000,top
R29,R0402_4K7_1%_0.0625W_100PPM,RESC1005X40N,179.162500,-64.400000,90.000000,top
R30,R0402_4K7_1%_0.0625W_100PPM,RESC1005X40N,184.900000,-62.400000,180.000000,top
R31,R0402_4K7_1%_0.0625W_100PPM,RESC1005X40N,187.750000,-64.275000,-90.000000,top
R32,R0402_4K7_1%_0.0625W_100PPM,RESC1005X40N,181.962500,-62.900000,0.000000,top
R33,R0402_4K7_1%_0.0625W_100PPM,RESC1005X40N,181.962500,-61.900000,0.000000,top
R34,R0402_4K7_1%_0.0625W_100PPM,RESC1005X40N,181.962500,-60.900000,0.000000,top
R35,R0402_4K7_1%_0.0625W_100PPM,RESC1005X40N,162.462500,-58.600000,180.000000,top
R36,R0402_4K7_1%_0.0625W_100PPM,RESC1005X40N,162.462500,-59.600000,0.000000,top
R37,R0402_4K7_1%_0.0625W_100PPM,RESC1005X40N,166.462500,-64.400000,-90.000000,top
R38,R0402_4K7_1%_0.0625W_100PPM,RESC1005X40N,167.562500,-64.400000,90.000000,top
R39,R0402_4K7_1%_0.0625W_100PPM,RESC1005X40N,189.150000,-64.275000,-90.000000,top
R40,R0402_4K7_1%_0.0625W_100PPM,RESC1005X40N,192.500000,-61.675000,0.000000,top
R41,R0402_4K7_1%_0.0625W_100PPM,RESC1005X40N,190.150000,-64.275000,-90.000000,top
R42,R0402_4K7_1%_0.0625W_100PPM,RESC1005X40N,192.500000,-60.675000,0.000000,top
R43,R0402_4K7_1%_0.0625W_100PPM,RESC1005X40N,162.462500,-60.600000,180.000000,top
R44,R0402_4K7_1%_0.0625W_100PPM,RESC1005X40N,170.162500,-63.000000,0.000000,top
R45,R0402_4K7_1%_0.0625W_100PPM,RESC1005X40N,162.462500,-61.600000,180.000000,top
R46,R0402_4K7_1%_0.0625W_100PPM,RESC1005X40N,170.162500,-62.000000,0.000000,top
R47,R0402_4K7_1%_0.0625W_100PPM,RESC1005X40N,162.462500,-62.600000,180.000000,top
R48,R0402_4K7_1%_0.0625W_100PPM,RESC1005X40N,170.162500,-61.000000,0.000000,top
R49,R0402_40R2_1%_0.0625W_100PPM,RESC1005X40N,193.800000,-127.100000,-90.000000,top
R56,R0402_40R2_1%_0.0625W_100PPM,RESC1005X40N,187.800000,-118.700000,180.000000,top
R57,R0402_40R2_1%_0.0625W_100PPM,RESC1005X40N,197.800000,-127.100000,-90.000000,top
R59,R0402_40R2_1%_0.0625W_100PPM,RESC1005X40N,191.800000,-127.100000,-90.000000,top
R60,R0402_40R2_1%_0.0625W_100PPM,RESC1005X40N,195.800000,-127.100000,-90.000000,top
R61,R0402_40R2_1%_0.0625W_100PPM,RESC1005X40N,198.800000,-127.100000,-90.000000,top
R63,R0402_40R2_1%_0.0625W_100PPM,RESC1005X40N,196.800000,-127.100000,-90.000000,top
R64,R0402_40R2_1%_0.0625W_100PPM,RESC1005X40N,190.800000,-127.100000,-90.000000,top
R65,R0402_40R2_1%_0.0625W_100PPM,RESC1005X40N,187.800000,-120.700000,180.000000,top
R66,R0402_40R2_1%_0.0625W_100PPM,RESC1005X40N,194.800000,-127.100000,-90.000000,top
R73,R0402_4K7_1%_0.0625W_100PPM,RESC1005X40N,188.900000,-109.100000,180.000000,top
R76,R0402_10K_1%_0.0625W_100PPM,RESC1005X40N,124.160000,-111.350000,90.000000,top
R77,R0402_10K_1%_0.0625W_100PPM,RESC1005X40N,125.260000,-111.350000,90.000000,top
R78,R0402_12K_1%_0.0625W_100PPM,RESC1005X40N,121.300000,-116.600000,0.000000,top
R79,R0402_4K7_1%_0.0625W_100PPM,RESC1005X40N,121.300000,-121.100000,180.000000,top
R80,R0402_5K1_1%_0.0625W_100PPM,RESC1005X40N,113.230000,-119.400000,0.000000,top
R81,R0402_10K_1%_0.0625W_100PPM,RESC1005X40N,115.130000,-114.000000,0.000000,top
R82,R0402_5K1_1%_0.0625W_100PPM,RESC1005X40N,113.200000,-120.500000,0.000000,top
R83,R0402_2K2_1%_0.0625W_100PPM,RESC1005X40N,113.100000,-114.000000,180.000000,top
R84,R0402_1K_1%_0.0625W_100PPM,RESC1005X40N,185.600000,-76.900000,-90.000000,top
R85,R0402_4K7_1%_0.0625W_100PPM,RESC1005X40N,199.500000,-95.600000,0.000000,top
R87,R0402_4K7_1%_0.0625W_100PPM,RESC1005X40N,199.500000,-94.600000,0.000000,top
R88,R0402_1K_1%_0.0625W_100PPM,RESC1005X40N,199.500000,-93.600000,0.000000,top
R89,R0402_1K_1%_0.0625W_100PPM,RESC1005X40N,199.505000,-92.600000,180.000000,top
R99,R0402_240R_1%_0.0625W_100PPM,RESC1005X40N,169.430000,-122.485000,-90.000000,top
R102,R0402_240R_1%_0.0625W_100PPM,RESC1005X40N,172.430000,-116.285000,-90.000000,top
R103,R0402_240R_1%_0.0625W_100PPM,RESC1005X40N,177.330000,-116.285000,-90.000000,top
R104,R0402_0R_JUMPER,RESC1005X40N,165.150000,-118.800000,180.000000,top
R105,R0402_0R_JUMPER,RESC1005X40N,155.400000,-124.000000,90.000000,top
R106,R0402_0R_JUMPER,RESC1005X40N,161.900000,-117.200000,-90.000000,top
R107,R0402_0R_JUMPER,RESC1005X40N,160.900000,-117.200000,-90.000000,top
R110,R0402_0R_JUMPER,RESC1005X40N,160.400000,-126.100000,90.000000,top
R113,R0402_510R_0.1%_0.0625W_10PPM,RESC1005X40N,171.000000,-84.700000,-90.000000,top
R115,R0402_100R_1%_0.1W_100PPM,RESC1005X40N,180.200000,-127.300000,180.000000,top
R116,R0402_510R_0.1%_0.0625W_10PPM,RESC1005X40N,170.000000,-84.700000,-90.000000,top
R117,R0402_100R_1%_0.1W_100PPM,RESC1005X40N,172.650000,-81.350000,0.000000,top
R118,R0402_200R_1%_0.0625W_100PPM,RESC1005X40N,153.900000,-120.700000,180.000000,top
R119,R0402_200R_1%_0.0625W_100PPM,RESC1005X40N,153.900000,-123.700000,180.000000,top
R120,R0402_240R_1%_0.0625W_100PPM,RESC1005X40N,169.000000,-86.600000,90.000000,top
R121,R0402_240R_1%_0.0625W_100PPM,RESC1005X40N,172.000000,-86.600000,90.000000,top
R122,R0402_4K7_1%_0.0625W_100PPM,RESC1005X40N,184.900000,-59.300000,180.000000,top
R123,R0402_140R_1%_0.0625W_100PPM,RESC1005X40N,164.700000,-77.900000,0.000000,top
R124,R0402_845R_0.1%_0.063W_25PPM,RESC1005X40N,164.700000,-78.900000,0.000000,top
R125,R0402_2K32_1%_0.0625W_100PPM,RESC1005X40N,162.800000,-78.900000,0.000000,top
R126,R0402_1K_1%_0.0625W_100PPM,RESC1005X40N,162.800000,-77.900000,180.000000,top
R127,R0402_2K32_1%_0.0625W_100PPM,RESC1005X40N,162.800000,-76.400000,0.000000,top
R128,R0402_1K_1%_0.0625W_100PPM,RESC1005X40N,162.800000,-75.400000,180.000000,top
R129,R0402_140R_1%_0.0625W_100PPM,RESC1005X40N,164.700000,-75.400000,0.000000,top
R130,R0402_845R_0.1%_0.063W_25PPM,RESC1005X40N,164.700000,-76.400000,0.000000,top
R131,R0402_2K32_1%_0.0625W_100PPM,RESC1005X40N,162.800000,-73.500000,0.000000,top
R132,R0402_1K_1%_0.0625W_100PPM,RESC1005X40N,162.800000,-72.500000,180.000000,top
R133,R0402_140R_1%_0.0625W_100PPM,RESC1005X40N,164.700000,-72.500000,0.000000,top
R134,R0402_845R_0.1%_0.063W_25PPM,RESC1005X40N,164.700000,-73.500000,0.000000,top
R135,R0402_2K32_1%_0.0625W_100PPM,RESC1005X40N,162.800000,-70.600000,0.000000,top
R136,R0402_1K_1%_0.0625W_100PPM,RESC1005X40N,162.800000,-69.600000,180.000000,top
R137,R0402_140R_1%_0.0625W_100PPM,RESC1005X40N,164.700000,-69.600000,0.000000,top
R138,R0402_845R_0.1%_0.063W_25PPM,RESC1005X40N,164.700000,-70.600000,0.000000,top
R139,R0402_4K7_1%_0.0625W_100PPM,RESC1005X40N,182.000000,-76.900000,-90.000000,top
R140,R0402_4K7_1%_0.0625W_100PPM,RESC1005X40N,183.100000,-76.900000,-90.000000,top
R141,R0402_4K7_1%_0.0625W_100PPM,RESC1005X40N,180.200000,-76.900000,90.000000,top
R147,R0402_30K_1%_0.0625W_100PPM,RESC1005X40N,113.700000,-135.600000,-90.000000,top
R148,R0402_10K_1%_0.0625W_100PPM,RESC1005X40N,142.000000,-120.025000,180.000000,top
R149,R0402_1K_1%_0.0625W_100PPM,RESC1005X40N,189.900000,-134.000000,-90.000000,top
R150,R0402_1K_1%_0.0625W_100PPM,RESC1005X40N,198.800000,-136.700000,-90.000000,top
R151,R0402_1K_1%_0.0625W_100PPM,RESC1005X40N,199.200000,-134.300000,180.000000,top
R152,R0402_12K_1%_0.0625W_100PPM,RESC1005X40N,124.500000,-125.000000,-90.000000,top
R154,R0402_100K_1%_0.0625W_100PPM,RESC1005X40N,137.200000,-120.100000,0.000000,top
R155,R0402_10K_1%_0.0625W_100PPM,RESC1005X40N,196.200000,-56.900000,-90.000000,top
R156,R0402_10K_1%_0.0625W_100PPM,RESC1005X40N,197.300000,-63.885000,0.000000,top
R157,R0402_10K_1%_0.0625W_100PPM,RESC1005X40N,200.850000,-57.185000,-90.000000,top
R158,R0402_10K_1%_0.0625W_100PPM,RESC1005X40N,202.250000,-63.885000,180.000000,top
R159,R0402_40R2_1%_0.0625W_100PPM,RESC1005X40N,163.000000,-119.300000,90.000000,top
R160,R0402_0R_JUMPER,RESC1005X40N,149.300000,-97.900000,180.000000,top
R161,R0402_10K_1%_0.0625W_100PPM,RESC1005X40N,191.350000,-56.900000,-90.000000,top
R162,R0402_30K_1%_0.0625W_100PPM,RESC1005X40N,173.275000,-75.675000,-90.000000,top
R163,R0402_10K_1%_0.0625W_100PPM,RESC1005X40N,173.275000,-77.575000,90.000000,top
R167,R0402_40R2_1%_0.0625W_100PPM,RESC1005X40N,192.800000,-127.100000,-90.000000,top
R173,R0402_100K_1%_0.0625W_100PPM,RESC1005X40N,170.200000,-60.000000,180.000000,top
R174,R0402_100K_1%_0.0625W_100PPM,RESC1005X40N,170.200000,-59.000000,180.000000,top
R175,R0402_100K_1%_0.0625W_100PPM,RESC1005X40N,170.200000,-58.000000,180.000000,top
R176,R0402_10K_1%_0.0625W_100PPM,RESC1005X40N,177.100000,-128.000000,180.000000,top
SW1,SW_DIP_x01,SW_OMRON_A6SN-1101,132.875000,-57.400000,0.000000,top
U1,XC7A35T-CSG325,Xilinx_CSG325,186.500000,-94.700000,90.000000,top
U2,MT41K512M16HA-125_E / MT41K512M16VRP-107 IT:P,FBGA-96_8x14mm_Layout9x16_P0.8mm,194.600000,-118.100000,0.000000,top
U3,Si5351A-B-GT,MSOP-10_3x3mm_P0.5mm,169.700000,-80.500000,-90.000000,top
U4,TPSM863257RDXR,VREG_TPSM863257RDXR,182.950000,-112.365000,180.000000,top
U5,TPSM863257RDXR,VREG_TPSM863257RDXR,149.200000,-115.762500,180.000000,top
U6,TPSM863257RDXR,VREG_TPSM863257RDXR,132.600000,-127.700000,180.000000,top
U7,RTL8211F-CG,QFN40P500X500X80-41N-S360,145.000000,-106.500000,0.000000,top
U8,TLV62565DBV,SOT95P280X145-5N,115.700000,-111.700000,180.000000,top
U10,TPSM863257RDXR,VREG_TPSM863257RDXR,148.300000,-127.500000,180.000000,top
U11,TPSM863257RDXR,VREG_TPSM863257RDXR,183.200000,-134.600000,90.000000,top
U12,LP5951MF-3.0/NOPB,SOT95P284X122-5N,159.300000,-113.715000,0.000000,top
U13,LM336M-2.5,SOIC127P600X175-8N,172.800000,-124.900000,90.000000,top
U14,DAC8550IDGK,SOP65P490X110-8N,170.055000,-115.085000,90.000000,top
U15,DAC8550IDGK,SOP65P490X110-8N,174.930000,-115.085000,90.000000,top
U16,CDCM61004RHB,QFN50P500X500X100-33N-S355,159.100000,-121.700000,0.000000,top
U17,TCA9535RTWR,QFN50P400X400X80-25N-S245,178.162500,-60.600000,0.000000,top
U18,TLV77325PDBVR,SOT-23-5,166.100000,-82.300000,-90.000000,top
U19,TCA9535RTWR,QFN50P400X400X80-25N-S245,166.262500,-60.600000,0.000000,top
U20,RT9045AGSP / AP2303,SOIC127P600X168-9N-S230,194.300000,-135.200000,180.000000,top
U21,FT2232HQ,QFN50P900X900X100-65N-S445,127.850000,-117.850000,0.000000,top
U23,NCV59801CML120TCG,SON65P300X300X100-9N-R170X245,172.800000,-101.100000,180.000000,top
U24,SN74LVC1G07DBV,SOT95P280X145-5N,137.675000,-122.750000,90.000000,top
U25,SN74LVC1G07DBV,SOT95P280X145-5N,142.500000,-122.750000,90.000000,top
U26,PCA9546ARGV,QFN65P400X400X100-17N-S225,188.800000,-60.600000,0.000000,top
U27,S25FL128SAGMFI001,SOIC127P1030X265-16N,194.300000,-75.000000,0.000000,top
U28,24AA256UID-I_ST,SOP65P640X120-8N,183.300000,-71.800000,-90.000000,top
Y2,VM53S3-25.000-2.5/-30+75,OSCCC320X500X160-4N,164.950000,-115.150000,0.000000,top
Y3,OSC_20MHZ_IQD_LFVCXO026156,OSC_IQD_CFPV-45,179.200000,-122.800000,0.000000,top
Y4,XTAL_25MHZ_EPSON_TSX-3225_25.0000MF10Z-AC,XTAL_EPSON_TSX-3225,144.500000,-99.200000,-90.000000,top
Y6,XTAL_25MHZ_TXC_8Y-25.000MAAJ-T,XTAL_TXC_8Y,170.000000,-75.950000,-90.000000,top
